MAE TRAIN,MAE VALIDATION
0.20718789100646973,0.20920635759830475
