MAE TRAIN,MAE VALIDATION
0.1589484065771103,0.16113348305225372
